cty_trm,CITY_NA,instNam,unitID,dscrptn,instCod,codeRef,effDate,untOwnr,cStewrd,acres,EFFECTV,GIS_PRC,Shp_Lng,Shap_Ar,agencis,city,total,native,asian,black,pacific,other,white,multi,latino,sub_ttl,ntv_rrs,asn_rrs,blck_rr,ltn_rrs,pcfc_rr,othr_rr,wht_rrs,arrst_t,ntv_prc,asn_prc,blck_pr,ltn_prc,pcfc_pr,othr_pr,wht_prc,ntv_rr_,asn_rr_,blck_r_,ltn_rr_,pcfc_r_,othr_r_,wht_rr_,ntv_dff,asn_dff,blck_df,ltn_dff,pcfc_df,othr_df,wht_dff,x,y
Albany,Albany,Albany,ODOT,Incorporated City Limit Boundary,"01000",FIPS,"20210000","2409675",ODOT,11342.259179700000459,"2021",9/20/2021,262984.796754000009969,494068809.865999996662140,Albany PD,Albany city,56472.000000000000000,396.000000000000000,841.000000000000000,325.000000000000000,129.000000000000000,204.000000000000000,34692.000000000000000,2247.000000000000000,5065.000000000000000,44028.000000000000000,41.000000000000000,111.000000000000000,374.000000000000000,857.000000000000000,8.000000000000000,118.000000000000000,11260.000000000000000,12769.000000000000000,0.008994276369583,0.019101480875806,0.007381666212410,0.115040428818025,0.002929953665849,0.004633415099482,0.787953120741346,0.003210901401833,0.008692928185449,0.029289685958180,0.067115670765134,0.000626517346699,0.009241130863811,0.881823165478894,-0.005783374967750,-0.010408552690357,0.021908019745770,-0.047924758052891,-0.002303436319150,0.004607715764329,0.093870044737548,-123.0967298112,44.6273575265
Ashland,Ashland,Ashland,ODOT,Incorporated City Limit Boundary,"03050",FIPS,"20210000","2409740",ODOT,4197.544662199999948,"2021",9/20/2021,127093.730163000000175,182845045.485000014305115,Ashland PD,Ashland city,21360.000000000000000,110.000000000000000,413.000000000000000,206.000000000000000,54.000000000000000,271.000000000000000,15105.000000000000000,964.000000000000000,1186.000000000000000,18363.000000000000000,5.000000000000000,15.000000000000000,80.000000000000000,37.000000000000000,7.000000000000000,38.000000000000000,1900.000000000000000,2082.000000000000000,0.005990306594783,0.022490878396776,0.011218210532048,0.064586396558297,0.002940695964712,0.014757937156238,0.822578010129064,0.002401536983670,0.007204610951009,0.038424591738713,0.017771373679155,0.003362151777137,0.018251681075889,0.912584053794428,-0.003588769611113,-0.015286267445767,0.027206381206665,-0.046815022879142,0.000421455812426,0.003493743919650,0.090006043665365,-122.6990688835,42.1905966650
Astoria,Astoria,Astoria,ODOT,Incorporated City Limit Boundary,"03150",FIPS,"20210000","2409744",ODOT,6525.341595159999088,"2021",9/20/2021,100303.561528999998700,284243879.884999990463257,Astoria PD,Astoria city,10181.000000000000000,78.000000000000000,135.000000000000000,48.000000000000000,25.000000000000000,64.000000000000000,6958.000000000000000,447.000000000000000,697.000000000000000,8477.000000000000000,3.000000000000000,9.000000000000000,49.000000000000000,107.000000000000000,4.000000000000000,40.000000000000000,1459.000000000000000,1671.000000000000000,0.009201368408635,0.015925445322638,0.005662380559160,0.082222484369470,0.002949156541229,0.007549840745547,0.820809248554913,0.001795332136445,0.005385996409336,0.029323758228606,0.064033512866547,0.002393776181927,0.023937761819270,0.873129862357869,-0.007406036272190,-0.010539448913302,0.023661377669446,-0.018188971502923,-0.000555380359302,0.016387921073723,0.052320613802956,-123.8105630350,46.1879494303
Beaverton,Beaverton,Beaverton,ODOT,Incorporated City Limit Boundary,"05350",FIPS,"20210000","2409808",ODOT,12590.388403999999355,"2021",9/20/2021,503438.761155000014696,548437346.771000027656555,Beaverton PD MIP,Beaverton city,97494.000000000000000,283.000000000000000,9504.000000000000000,2069.000000000000000,359.000000000000000,380.000000000000000,48816.000000000000000,4228.000000000000000,11972.000000000000000,77970.000000000000000,76.000000000000000,187.000000000000000,1141.000000000000000,1802.000000000000000,67.000000000000000,312.000000000000000,6289.000000000000000,9874.000000000000000,0.003629601128639,0.121893035782993,0.026535847120687,0.153546235731692,0.004604335000641,0.004873669360010,0.626086956521739,0.007696981972858,0.018938626696374,0.115556005671460,0.182499493619607,0.006785497265546,0.031598136520154,0.636925258254000,0.004067380844219,-0.102954409086619,0.089020158550773,0.028953257887915,0.002181162264905,0.026724467160144,0.010838301732261,-122.8169626746,45.4779592742
Canby,Canby,Canby,ODOT,Incorporated City Limit Boundary,"10750",FIPS,"20210000","2409974",ODOT,2991.480024110000159,"2021",9/20/2021,104374.158976999999140,130308909.050999999046326,Canby PD,Canby city,18171.000000000000000,75.000000000000000,204.000000000000000,53.000000000000000,19.000000000000000,49.000000000000000,10413.000000000000000,621.000000000000000,2461.000000000000000,13914.000000000000000,1.000000000000000,3.000000000000000,47.000000000000000,187.000000000000000,2.000000000000000,39.000000000000000,892.000000000000000,1171.000000000000000,0.005390254420009,0.014661492022423,0.003809113123473,0.176872215035216,0.001365531119736,0.003521632887739,0.748382923673997,0.000853970964987,0.002561912894962,0.040136635354398,0.159692570452605,0.001707941929974,0.033304867634500,0.761742100768574,-0.004536283455021,-0.012099579127462,0.036327522230925,-0.017179644582612,0.000342410810239,0.029783234746761,0.013359177094576,-122.6865734513,45.2653308745
Central Point,Central Point,Central Point,ODOT,Incorporated City Limit Boundary,"12400",FIPS,"20210000","2409428",ODOT,2470.102027450000605,"2021",9/20/2021,130872.389888000005158,107597645.857999995350838,Central Point PD,Central Point city,18997.000000000000000,103.000000000000000,243.000000000000000,83.000000000000000,54.000000000000000,55.000000000000000,11906.000000000000000,711.000000000000000,1351.000000000000000,14560.000000000000000,4.000000000000000,16.000000000000000,47.000000000000000,50.000000000000000,5.000000000000000,31.000000000000000,1550.000000000000000,1703.000000000000000,0.007074175824176,0.016689560439560,0.005700549450549,0.092788461538462,0.003708791208791,0.003777472527473,0.817719780219780,0.002348796241926,0.009395184967704,0.027598355842631,0.029359953024075,0.002935995302408,0.018203170874927,0.910158543746330,-0.004725379582250,-0.007294375471856,0.021897806392081,-0.063428508514386,-0.000772795906384,0.014425698347454,0.092438763526550,-122.9112916938,42.3764498477
Coos Bay,Coos Bay,Coos Bay,ODOT,Incorporated City Limit Boundary,"15250",FIPS,"20210000","2410223",ODOT,10307.683130499999606,"2021",9/20/2021,168352.256824999989476,449002677.165999948978424,Coos Bay PD,Coos Bay city,15985.000000000000000,227.000000000000000,213.000000000000000,62.000000000000000,37.000000000000000,47.000000000000000,10590.000000000000000,768.000000000000000,937.000000000000000,12918.000000000000000,54.000000000000000,5.000000000000000,60.000000000000000,102.000000000000000,8.000000000000000,20.000000000000000,3690.000000000000000,3939.000000000000000,0.017572379625329,0.016488620529494,0.004799504567270,0.072534448056975,0.002864220467565,0.003638334107447,0.819786344635392,0.013709063214014,0.001269357705001,0.015232292460015,0.025894897182026,0.002030972328002,0.005077430820005,0.936785986290937,-0.003863316411315,-0.015219262824492,0.010432787892745,-0.046639550874949,-0.000833248139563,0.001439096712558,0.116999641655544,-124.2326766502,43.3789478943
Cornelius,Cornelius,Cornelius,ODOT,Incorporated City Limit Boundary,"15550",FIPS,"20210000","2410230",ODOT,1495.356291130000045,"2021",9/20/2021,58160.467518899997231,65137720.041699998080730,Cornelius PD,Cornelius city,12694.000000000000000,51.000000000000000,184.000000000000000,80.000000000000000,36.000000000000000,26.000000000000000,3841.000000000000000,290.000000000000000,4609.000000000000000,9153.000000000000000,9.000000000000000,6.000000000000000,53.000000000000000,449.000000000000000,5.000000000000000,17.000000000000000,648.000000000000000,1187.000000000000000,0.005571943625041,0.020102698568775,0.008740303725554,0.503550748388507,0.003933136676500,0.002840598710805,0.419643832623184,0.007582139848357,0.005054759898905,0.044650379106992,0.378264532434709,0.004212299915754,0.014321819713564,0.545914069081719,0.002010196223316,-0.015047938669870,0.035910075381438,-0.125286215953797,0.000279163239254,0.011481221002758,0.126270236458535,-123.0509705742,45.5189316582
Corvallis,Corvallis,Corvallis,ODOT,Incorporated City Limit Boundary,"15800",FIPS,"20210000","2410237",ODOT,9162.552508749999106,"2021",9/20/2021,249752.091053999989526,399120823.148999989032745,Corvallis PD,Corvallis city,59922.000000000000000,235.000000000000000,5164.000000000000000,623.000000000000000,186.000000000000000,302.000000000000000,37931.000000000000000,2780.000000000000000,4556.000000000000000,51963.000000000000000,81.000000000000000,130.000000000000000,640.000000000000000,790.000000000000000,25.000000000000000,209.000000000000000,9812.000000000000000,11687.000000000000000,0.004522448665397,0.099378403864288,0.011989300078902,0.087677770721475,0.003579470007505,0.005811827646595,0.729961703519812,0.006930777787285,0.011123470522803,0.054761701035338,0.067596474715496,0.002139128946693,0.017883117994353,0.839565328998032,0.002408329121888,-0.088254933341485,0.042772400956436,-0.020081296005979,-0.001440341060812,0.012071290347758,0.109603625478220,-123.2783494733,44.5696208434
Dallas,Dallas,Dallas,ODOT,Incorporated City Limit Boundary,"17700",FIPS,"20210000","2410287",ODOT,3116.209457290000046,"2021",9/20/2021,96666.755558000004385,135742749.287999987602234,Dallas PD,Dallas city,16854.000000000000000,241.000000000000000,152.000000000000000,46.000000000000000,17.000000000000000,61.000000000000000,11249.000000000000000,625.000000000000000,816.000000000000000,13224.000000000000000,8.000000000000000,4.000000000000000,26.000000000000000,55.000000000000000,4.000000000000000,72.000000000000000,803.000000000000000,972.000000000000000,0.018224440411373,0.011494252873563,0.003478523895947,0.061705989110708,0.001285541439806,0.004612825166364,0.850650332728373,0.008230452674897,0.004115226337449,0.026748971193416,0.056584362139918,0.004115226337449,0.074074074074074,0.826131687242798,-0.009993987736476,-0.007379026536115,0.023270447297469,-0.005121626970790,0.002829684897642,0.069461248907710,-0.024518645485574,-123.3129744196,44.9221819415
Dundee,Dundee,Dundee,ODOT,Incorporated City Limit Boundary,"21050",FIPS,"20210000","2410370",ODOT,883.856081195000115,"2021",9/20/2021,37793.277389000002586,38500770.896899998188019,Newberg-Dundee PD,Dundee city,3238.000000000000000,12.000000000000000,37.000000000000000,6.000000000000000,5.000000000000000,11.000000000000000,2006.000000000000000,92.000000000000000,293.000000000000000,2467.000000000000000,11.000000000000000,23.000000000000000,88.000000000000000,342.000000000000000,10.000000000000000,11.000000000000000,1717.000000000000000,2202.000000000000000,0.004864207539522,0.014997973246859,0.002432103769761,0.118767734089988,0.002026753141467,0.004458856911228,0.813133360356709,0.004995458673933,0.010445049954587,0.039963669391462,0.155313351498638,0.004541326067212,0.004995458673933,0.779745685740236,0.000131251134411,-0.004552923292272,0.037531565621701,0.036545617408650,0.002514572925744,0.000536601762705,-0.033387674616472,-123.0070449618,45.2759214436
Durham,Durham,Durham,ODOT,Incorporated City Limit Boundary,"21250",FIPS,"20210000","2410376",ODOT,260.716312594999977,"2021",9/20/2021,21095.448372200000449,11356802.576600000262260,Washington SO,Durham city,1944.000000000000000,7.000000000000000,67.000000000000000,25.000000000000000,33.000000000000000,15.000000000000000,1010.000000000000000,88.000000000000000,248.000000000000000,1526.000000000000000,95.000000000000000,370.000000000000000,1527.000000000000000,2115.000000000000000,66.000000000000000,306.000000000000000,10473.000000000000000,14952.000000000000000,0.004587155963303,0.043905635648755,0.016382699868938,0.162516382699869,0.021625163826999,0.009829619921363,0.661861074705111,0.006353665061530,0.024745853397539,0.102126805778491,0.141452648475120,0.004414125200642,0.020465489566613,0.700441412520064,0.001766509098227,-0.019159782251216,0.085744105909553,-0.021063734224749,-0.017211038626357,0.010635869645250,0.038580337814953,-122.7579793864,45.3943852284
Eugene,Eugene,Eugene,ODOT,Incorporated City Limit Boundary,"23850",FIPS,"20210000","2410460",ODOT,28238.502006899998378,"2021",9/20/2021,887754.830209000036120,1230069153.240000247955322,Eugene PD MIP,Eugene city,176654.000000000000000,1098.000000000000000,6256.000000000000000,2433.000000000000000,429.000000000000000,920.000000000000000,113793.000000000000000,8949.000000000000000,13425.000000000000000,147732.000000000000000,238.000000000000000,169.000000000000000,2155.000000000000000,768.000000000000000,11.000000000000000,228.000000000000000,25795.000000000000000,29364.000000000000000,0.007432377548534,0.042346952589825,0.016469011453172,0.090874015108440,0.002903907074974,0.006227493027915,0.770266428397368,0.008105162784362,0.005755346683013,0.073389184034873,0.026154474867184,0.000374608363983,0.007764609726195,0.878456613540390,0.000672785235828,-0.036591605906812,0.056920172581701,-0.064719540241255,-0.002529298710990,0.001537116698280,0.108190185143021,-123.1175268995,44.0562007034
Gladstone,Gladstone,Gladstone,ODOT,Incorporated City Limit Boundary,"29000",FIPS,"20210000","2410593",ODOT,1592.745695809999916,"2021",9/20/2021,65767.826112299997476,69380002.509499996900558,Gladstone PD,Gladstone city,12017.000000000000000,56.000000000000000,210.000000000000000,83.000000000000000,41.000000000000000,50.000000000000000,7876.000000000000000,515.000000000000000,802.000000000000000,9674.000000000000000,4.000000000000000,17.000000000000000,48.000000000000000,33.000000000000000,2.000000000000000,24.000000000000000,724.000000000000000,852.000000000000000,0.005788712011577,0.021707670043415,0.008579698160017,0.082902625594377,0.004238164151333,0.005168492867480,0.814140996485425,0.004694835680751,0.019953051643192,0.056338028169014,0.038732394366197,0.002347417840376,0.028169014084507,0.849765258215962,-0.001093876330826,-0.001754618400223,0.047758330008998,-0.044170231228180,-0.001890746310958,0.023000521217027,0.035624261730538,-122.5933456788,45.3862541750
Grants Pass,Grants Pass,Grants Pass,ODOT,Incorporated City Limit Boundary,"30550",FIPS,"20210000","2410647",ODOT,7488.995222929999727,"2021",9/20/2021,230460.790802000032272,326220631.911000013351440,Grants Pass PD,Grants Pass city,39189.000000000000000,312.000000000000000,429.000000000000000,177.000000000000000,61.000000000000000,165.000000000000000,25258.000000000000000,1754.000000000000000,2528.000000000000000,30745.000000000000000,15.000000000000000,14.000000000000000,82.000000000000000,228.000000000000000,8.000000000000000,164.000000000000000,3786.000000000000000,4297.000000000000000,0.010147991543340,0.013953488372093,0.005757033664010,0.082224751992194,0.001984062449179,0.005366726296959,0.821531956415677,0.003490807540144,0.003258087037468,0.019083081219455,0.053060274610193,0.001861764021410,0.038166162438911,0.881079823132418,-0.006657184003196,-0.010695401334625,0.013326047555445,-0.029164477382001,-0.000122298427768,0.032799436141952,0.059547866716741,-123.3315802509,42.4333746232
Gresham,Gresham,Gresham,ODOT,Incorporated City Limit Boundary,"31250",FIPS,"20210000","2410663",ODOT,15140.458665300000575,"2021",9/20/2021,197815.350923999998486,659518420.190000057220459,Gresham PD MIP,Gresham city,114247.000000000000000,703.000000000000000,5264.000000000000000,4025.000000000000000,824.000000000000000,385.000000000000000,56192.000000000000000,4426.000000000000000,15420.000000000000000,88063.000000000000000,56.000000000000000,105.000000000000000,870.000000000000000,677.000000000000000,42.000000000000000,66.000000000000000,2498.000000000000000,4314.000000000000000,0.007982921317693,0.059775388074447,0.045705915083520,0.175101915674006,0.009356937646912,0.004371870138424,0.638088641086495,0.012980992118683,0.024339360222531,0.201668984700974,0.156930922577654,0.009735744089013,0.015299026425591,0.579044969865554,0.004998070800990,-0.035436027851915,0.155963069617454,-0.018170993096352,0.000378806442101,0.010927156287167,-0.059043671220941,-122.4413170736,45.5021750155
Hermiston,Hermiston,Hermiston,ODOT,Incorporated City Limit Boundary,"33700",FIPS,"20210000","2410748",ODOT,5330.508254379999926,"2021",9/20/2021,257659.664921999996295,232196939.560999989509583,Hermiston PD,Hermiston city,19354.000000000000000,93.000000000000000,219.000000000000000,86.000000000000000,39.000000000000000,26.000000000000000,7383.000000000000000,435.000000000000000,5203.000000000000000,13523.000000000000000,47.000000000000000,14.000000000000000,93.000000000000000,796.000000000000000,4.000000000000000,10.000000000000000,1680.000000000000000,2644.000000000000000,0.006877172225098,0.016194631368779,0.006359535606005,0.384751904163277,0.002883975449235,0.001922650299490,0.545958736966649,0.017776096822995,0.005295007564297,0.035173978819970,0.301059001512859,0.001512859304085,0.003782148260212,0.635400907715582,0.010898924597897,-0.010899623804483,0.028814443213965,-0.083692902650418,-0.001371116145150,0.001859497960722,0.089442170748933,-119.2855103917,45.8326615769
Hillsboro,Hillsboro,Hillsboro,ODOT,Incorporated City Limit Boundary,"34100",FIPS,"20210000","2410765",ODOT,16561.202552800001286,"2021",9/20/2021,286922.779465999978129,721406169.105999946594238,Hillsboro PD MIP,Hillsboro city,106447.000000000000000,363.000000000000000,11043.000000000000000,2195.000000000000000,384.000000000000000,417.000000000000000,46938.000000000000000,4039.000000000000000,16986.000000000000000,82749.000000000000000,62.000000000000000,118.000000000000000,544.000000000000000,1763.000000000000000,33.000000000000000,135.000000000000000,4492.000000000000000,7147.000000000000000,0.004386759960845,0.133451763767538,0.026526000314203,0.205271362795925,0.004640539462713,0.005039335822789,0.567233440887503,0.008674968518259,0.016510423954107,0.076115852805373,0.246676927382118,0.004617321953267,0.018889044354275,0.628515461032601,0.004288208557414,-0.116941339813431,0.049589852491170,0.041405564586193,-0.000023217509445,0.013849708531485,0.061282020145098,-122.9361920232,45.5274715286
Hood River,Hood River,Hood River,ODOT,Incorporated City Limit Boundary,"34900",FIPS,"20210000","2410787",ODOT,2179.580932589999975,"2021",9/20/2021,81783.738693699997384,94942545.423700004816055,Hood River PD,Hood River city,8313.000000000000000,29.000000000000000,146.000000000000000,18.000000000000000,3.000000000000000,23.000000000000000,4519.000000000000000,268.000000000000000,1272.000000000000000,6281.000000000000000,114.000000000000000,5.000000000000000,25.000000000000000,301.000000000000000,4.000000000000000,287.000000000000000,1114.000000000000000,1850.000000000000000,0.004617099188027,0.023244706256965,0.002865785702914,0.202515523005891,0.000477630950486,0.003661837287056,0.719471421748129,0.061621621621622,0.002702702702703,0.013513513513514,0.162702702702703,0.002162162162162,0.155135135135135,0.602162162162162,0.057004522433594,-0.020542003554263,0.010647727810600,-0.039812820303188,0.001684531211677,0.151473297848079,-0.117309259585967,-121.5259098120,45.7091446993
Keizer,Keizer,Keizer,ODOT,Incorporated City Limit Boundary,"38500",FIPS,"20210000","2410171",ODOT,4646.309192499999881,"2021",9/20/2021,82590.193865399996866,202393228.425000011920929,Keizer PD,Keizer city,39376.000000000000000,312.000000000000000,649.000000000000000,255.000000000000000,256.000000000000000,145.000000000000000,21400.000000000000000,1437.000000000000000,5437.000000000000000,30147.000000000000000,9.000000000000000,14.000000000000000,57.000000000000000,227.000000000000000,12.000000000000000,85.000000000000000,967.000000000000000,1371.000000000000000,0.010349288486417,0.021527846883604,0.008458553089860,0.180349620194381,0.008491723886291,0.004809765482469,0.709855043619597,0.006564551422319,0.010211524434719,0.041575492341357,0.165572574762947,0.008752735229759,0.061998541210795,0.705324580598104,-0.003784737064097,-0.011316322448884,0.033116939251497,-0.014777045431434,0.000261011343469,0.057188775728326,-0.004530463021494,-123.0240593508,45.0029201293
La Grande,La Grande,La Grande,ODOT,Incorporated City Limit Boundary,"40350",FIPS,"20210000","2411568",ODOT,2953.045179630000348,"2021",9/20/2021,117571.479131000000052,128634648.025000005960464,La Grande PD,La Grande city,13026.000000000000000,100.000000000000000,117.000000000000000,93.000000000000000,321.000000000000000,47.000000000000000,8397.000000000000000,527.000000000000000,572.000000000000000,10495.000000000000000,6.000000000000000,9.000000000000000,23.000000000000000,32.000000000000000,35.000000000000000,11.000000000000000,1026.000000000000000,1142.000000000000000,0.009528346831825,0.011148165793235,0.008861362553597,0.054502143878037,0.030585993330157,0.004478323010958,0.800095283468318,0.005253940455342,0.007880910683012,0.020140105078809,0.028021015761821,0.030647985989492,0.009632224168126,0.898423817863398,-0.004274406376483,-0.003267255110223,0.011278742525212,-0.026481128116216,0.000061992659335,0.005153901157168,0.098328534395079,-118.0864827830,45.3241467331
Lake Oswego,Lake Oswego,Lake Oswego,ODOT,Incorporated City Limit Boundary,"40550",FIPS,"20210000","2411606",ODOT,7424.859961019999901,"2021",9/20/2021,278239.851535999972839,323426916.098999977111816,Lake Oswego PD,Lake Oswego city,40731.000000000000000,51.000000000000000,2514.000000000000000,254.000000000000000,45.000000000000000,160.000000000000000,26440.000000000000000,1363.000000000000000,1464.000000000000000,32336.000000000000000,2.000000000000000,17.000000000000000,53.000000000000000,55.000000000000000,5.000000000000000,25.000000000000000,680.000000000000000,837.000000000000000,0.001577189510143,0.077746165264720,0.007855022266205,0.045274616526472,0.001391637803068,0.004948045522019,0.817664522513607,0.002389486260454,0.020310633213859,0.063321385902031,0.065710872162485,0.005973715651135,0.029868578255675,0.812425328554361,0.000812296750311,-0.057435532050861,0.055466363635826,0.020436255636013,0.004582077848067,0.024920532733656,-0.005239193959246,-122.7008425992,45.4130062105
Lincoln City,Lincoln City,Lincoln City,ODOT,Incorporated City Limit Boundary,"42600",FIPS,"20210000","2410836",ODOT,3831.116615060000186,"2021",9/20/2021,148620.282452999992529,166883439.752000004053116,Lincoln City PD,Lincoln City city,9815.000000000000000,184.000000000000000,177.000000000000000,52.000000000000000,16.000000000000000,51.000000000000000,6519.000000000000000,475.000000000000000,809.000000000000000,8299.000000000000000,24.000000000000000,15.000000000000000,37.000000000000000,75.000000000000000,1.000000000000000,88.000000000000000,757.000000000000000,997.000000000000000,0.022171345945295,0.021327870827811,0.006265815158453,0.097481624292083,0.001927943125678,0.006145318713098,0.785516327268346,0.024072216649950,0.015045135406219,0.037111334002006,0.075225677031093,0.001003009027081,0.088264794383149,0.759277833500501,0.001900870704655,-0.006282735421592,0.030845518843553,-0.022255947260990,-0.000924934098597,0.082119475670051,-0.026238493767844,-124.0070672377,44.9750646509
Medford,Medford,Medford,ODOT,Incorporated City Limit Boundary,"47000",FIPS,"20210000","2411069",ODOT,17467.276641399999789,"2021",9/20/2021,368871.258280000009108,760874894.910999894142151,Medford PD,Medford city,85824.000000000000000,534.000000000000000,1419.000000000000000,605.000000000000000,345.000000000000000,321.000000000000000,49985.000000000000000,3727.000000000000000,9325.000000000000000,66606.000000000000000,83.000000000000000,64.000000000000000,841.000000000000000,628.000000000000000,57.000000000000000,166.000000000000000,14445.000000000000000,16284.000000000000000,0.008017295739123,0.021304386992163,0.009083265771852,0.140002402185989,0.005179713539321,0.004819385640933,0.750457916704201,0.005097027757308,0.003930238270695,0.051645787275854,0.038565463031196,0.003500368459838,0.010194055514616,0.887067059690494,-0.002920267981815,-0.017374148721468,0.042562521504001,-0.101436939154793,-0.001679345079483,0.005374669873682,0.136609142986293,-122.8522623393,42.3364305948
Milwaukie,Milwaukie,Milwaukie,ODOT,Incorporated City Limit Boundary,"48650",FIPS,"20210000","2411116",ODOT,3292.514068139999836,"2021",9/20/2021,145761.044304000010015,143421934.604999989271164,Milwaukie PD,Milwaukie city,21119.000000000000000,121.000000000000000,473.000000000000000,251.000000000000000,66.000000000000000,108.000000000000000,14256.000000000000000,993.000000000000000,1270.000000000000000,17604.000000000000000,10.000000000000000,16.000000000000000,70.000000000000000,14.000000000000000,7.000000000000000,42.000000000000000,833.000000000000000,992.000000000000000,0.006873437855033,0.026868893433311,0.014258123153829,0.072142694842081,0.003749147920927,0.006134969325153,0.809815950920245,0.010080645161290,0.016129032258065,0.070564516129032,0.014112903225806,0.007056451612903,0.042338709677419,0.839717741935484,0.003207207306257,-0.010739861175246,0.056306392975204,-0.058029791616275,0.003307303691976,0.036203740352266,0.029901791015238,-122.6220702480,45.4445090146
Molalla,Molalla,Molalla,ODOT,Incorporated City Limit Boundary,"49450",FIPS,"20210000","2411131",ODOT,1609.096799619999956,"2021",9/20/2021,78411.023154199996497,70092583.738199993968010,Molalla PD,Molalla city,10228.000000000000000,44.000000000000000,73.000000000000000,27.000000000000000,18.000000000000000,34.000000000000000,5869.000000000000000,366.000000000000000,975.000000000000000,7424.000000000000000,1.000000000000000,1.000000000000000,6.000000000000000,24.000000000000000,3.000000000000000,25.000000000000000,611.000000000000000,671.000000000000000,0.005926724137931,0.009832974137931,0.003636853448276,0.131330818965517,0.002424568965517,0.004579741379310,0.790544181034483,0.001490312965723,0.001490312965723,0.008941877794337,0.035767511177347,0.004470938897168,0.037257824143070,0.910581222056632,-0.004436411172208,-0.008342661172208,0.005305024346061,-0.095563307788170,0.002046369931651,0.032678082763760,0.120037041022149,-122.5846145892,45.1500463143
Newberg,Newberg,Newberg,ODOT,Incorporated City Limit Boundary,"52100",FIPS,"20210000","2411240",ODOT,3794.494095240000206,"2021",9/20/2021,133573.890656000003219,165288162.787999987602234,Newberg-Dundee PD,Newberg city,25138.000000000000000,118.000000000000000,411.000000000000000,147.000000000000000,40.000000000000000,76.000000000000000,15255.000000000000000,1029.000000000000000,2529.000000000000000,19645.000000000000000,11.000000000000000,23.000000000000000,88.000000000000000,342.000000000000000,10.000000000000000,11.000000000000000,1717.000000000000000,2202.000000000000000,0.006006617459913,0.020921354034105,0.007482820055994,0.128735047085772,0.002036141511835,0.003868668872487,0.776533469076101,0.004995458673933,0.010445049954587,0.039963669391462,0.155313351498638,0.004541326067212,0.004995458673933,0.779745685740236,-0.001011158785981,-0.010476304079519,0.032480849335468,0.026578304412865,0.002505184555377,0.001126789801446,0.003212216664135,-122.9600979978,45.3074222944
Newport,Newport,Newport,ODOT,Incorporated City Limit Boundary,"52450",FIPS,"20210000","2411248",ODOT,7016.771260999999868,"2021",9/20/2021,281444.623714999994263,305650556.129000008106232,Newport PD,Newport city,10256.000000000000000,108.000000000000000,170.000000000000000,42.000000000000000,25.000000000000000,53.000000000000000,6309.000000000000000,429.000000000000000,1239.000000000000000,8400.000000000000000,117.000000000000000,11.000000000000000,65.000000000000000,215.000000000000000,13.000000000000000,329.000000000000000,2276.000000000000000,3026.000000000000000,0.012857142857143,0.020238095238095,0.005000000000000,0.147500000000000,0.002976190476190,0.006309523809524,0.751071428571429,0.038664904163913,0.003635161929941,0.021480502313285,0.071050892267019,0.004296100462657,0.108724388631857,0.752148050231328,0.025807761306770,-0.016602933308155,0.016480502313285,-0.076449107732981,0.001319909986466,0.102414864822333,0.001076621659900,-124.0514589573,44.6236474142
Ontario,Ontario,Ontario,ODOT,Incorporated City Limit Boundary,"54900",FIPS,"20210000","2411324",ODOT,3711.142898220000461,"2021",9/20/2021,182497.936087000009138,161657384.647000014781952,Ontario PD,Ontario city,11645.000000000000000,96.000000000000000,181.000000000000000,79.000000000000000,10.000000000000000,35.000000000000000,4650.000000000000000,306.000000000000000,3115.000000000000000,8482.000000000000000,22.000000000000000,1.000000000000000,69.000000000000000,14.000000000000000,2.000000000000000,6.000000000000000,1598.000000000000000,1712.000000000000000,0.011318085357227,0.021339306767272,0.009313841075218,0.367248290497524,0.001178967224711,0.004126385286489,0.548219759490686,0.012850467289720,0.000584112149533,0.040303738317757,0.008177570093458,0.001168224299065,0.003504672897196,0.933411214953271,0.001532381932493,-0.020755194617739,0.030989897242539,-0.359070720404066,-0.000010742925646,-0.000621712389293,0.385191455462585,-116.9783649491,44.0248741737
Oregon City,Oregon City,Oregon City,ODOT,Incorporated City Limit Boundary,"55200",FIPS,"20210000","2411332",ODOT,6525.556162720000430,"2021",9/20/2021,182406.732171000010567,284253226.448000013828278,Oregon City PD,Oregon City city,37572.000000000000000,179.000000000000000,662.000000000000000,292.000000000000000,61.000000000000000,146.000000000000000,23882.000000000000000,1549.000000000000000,2191.000000000000000,29023.000000000000000,8.000000000000000,21.000000000000000,84.000000000000000,91.000000000000000,8.000000000000000,50.000000000000000,1594.000000000000000,1856.000000000000000,0.006167522309892,0.022809495917031,0.010060986114461,0.075491851290356,0.002101781345829,0.005030493057230,0.822864624608069,0.004310344827586,0.011314655172414,0.045258620689655,0.049030172413793,0.004310344827586,0.026939655172414,0.858836206896552,-0.001857177482306,-0.011494840744618,0.035197634575194,-0.026461678876563,0.002208563481757,0.021909162115183,0.035971582288482,-122.5925859510,45.3415380821
Pendleton,Pendleton,Pendleton,ODOT,Incorporated City Limit Boundary,"57150",FIPS,"20210000","2411399",ODOT,7407.240477549999923,"2021",9/20/2021,197739.415016000042669,322659395.202000021934509,Pendleton PD,Pendleton city,17107.000000000000000,483.000000000000000,159.000000000000000,244.000000000000000,14.000000000000000,65.000000000000000,10735.000000000000000,571.000000000000000,1388.000000000000000,13673.000000000000000,768.000000000000000,19.000000000000000,128.000000000000000,176.000000000000000,2.000000000000000,15.000000000000000,3073.000000000000000,4181.000000000000000,0.035325093249470,0.011628757405105,0.017845388722299,0.101513932567834,0.001023915746361,0.004753894536678,0.785123966942149,0.183688112891653,0.004544367376226,0.030614685481942,0.042095192537670,0.000478354460655,0.003587658454915,0.734991628796939,0.148363019642183,-0.007084390028879,0.012769296759643,-0.059418740030164,-0.000545561285706,-0.001166236081763,-0.050132338145210,-118.8205433661,45.6758405489
Philomath,Philomath,Philomath,ODOT,Incorporated City Limit Boundary,"57450",FIPS,"20210000","2411413",ODOT,1402.300324719999935,"2021",9/20/2021,80971.262947199997143,61084202.144599996507168,Philomath PD,Philomath city,5350.000000000000000,45.000000000000000,81.000000000000000,35.000000000000000,8.000000000000000,9.000000000000000,3397.000000000000000,234.000000000000000,337.000000000000000,4154.000000000000000,7.000000000000000,5.000000000000000,17.000000000000000,23.000000000000000,1.000000000000000,21.000000000000000,635.000000000000000,709.000000000000000,0.010832932113625,0.019499277804526,0.008425613866153,0.081126624939817,0.001925854597978,0.002166586422725,0.817766008666346,0.009873060648801,0.007052186177715,0.023977433004231,0.032440056417489,0.001410437235543,0.029619181946403,0.895627644569817,-0.000959871464824,-0.012447091626811,0.015551819138078,-0.048686568522328,-0.000515417362435,0.027452595523678,0.077861635903471,-123.3598775099,44.5423070532
Phoenix,Phoenix,Phoenix,ODOT,Incorporated City Limit Boundary,"57500",FIPS,"20210000","2411415",ODOT,880.596160920999978,"2021",9/20/2021,64305.066978400005610,38358768.769699998199940,Phoenix PD,Phoenix city,4475.000000000000000,25.000000000000000,58.000000000000000,30.000000000000000,6.000000000000000,16.000000000000000,2894.000000000000000,175.000000000000000,475.000000000000000,3685.000000000000000,2.000000000000000,1.000000000000000,6.000000000000000,15.000000000000000,1.000000000000000,6.000000000000000,444.000000000000000,475.000000000000000,0.006784260515604,0.015739484396201,0.008141112618725,0.128900949796472,0.001628222523745,0.004341926729986,0.785345997286296,0.004210526315789,0.002105263157895,0.012631578947368,0.031578947368421,0.002105263157895,0.012631578947368,0.934736842105263,-0.002573734199814,-0.013634221238306,0.004490466328644,-0.097322002428051,0.000477040634150,0.008289652217382,0.149390844818967,-122.8151577875,42.2746341930
Portland,Portland,Portland,ODOT,Incorporated City Limit Boundary,"59000",FIPS,"20210000","2411471",ODOT,92876.468838700006017,"2021",9/20/2021,636343.396653000032529,4045699017.449999809265137,Portland Police Bureau MIP,Portland city,652503.000000000000000,3609.000000000000000,44187.000000000000000,28379.000000000000000,2675.000000000000000,3313.000000000000000,375428.999999999941792,31411.000000000000000,52271.000000000000000,543949.000000000000000,500.000000000000000,733.000000000000000,7074.000000000000000,2708.000000000000000,212.000000000000000,257.000000000000000,19310.000000000000000,30794.000000000000000,0.006634813190207,0.081233718602295,0.052172170552754,0.096095406003136,0.004917740449932,0.006090644527336,0.690191543692515,0.016236929271936,0.023803338312658,0.229720075339352,0.087939208936806,0.006884458011301,0.008345781645775,0.627070208482172,0.009602116081729,-0.057430380289637,0.177547904786598,-0.008156197066330,0.001966717561369,0.002255137118439,-0.063121335210343,-122.6500202773,45.5371779898
Reedsport,Reedsport,Reedsport,ODOT,Incorporated City Limit Boundary,"61300",FIPS,"20210000","2410921",ODOT,1432.195195929999954,"2021",9/20/2021,65547.615284100000281,62386422.734899997711182,Reedsport PD,Reedsport city,4310.000000000000000,33.000000000000000,37.000000000000000,9.000000000000000,0.000000000000000,32.000000000000000,3043.000000000000000,170.000000000000000,189.000000000000000,3513.000000000000000,23.000000000000000,4.000000000000000,16.000000000000000,18.000000000000000,7.000000000000000,64.000000000000000,850.000000000000000,982.000000000000000,0.009393680614859,0.010532308568175,0.002561912894962,0.053800170794193,0.000000000000000,0.009109023626530,0.866211215485340,0.023421588594705,0.004073319755601,0.016293279022403,0.018329938900204,0.007128309572301,0.065173116089613,0.865580448065173,0.014027907979846,-0.006458988812575,0.013731366127442,-0.035470231893989,0.007128309572301,0.056064092463083,-0.000630767420167,-124.1125126497,43.6981314501
Roseburg,Roseburg,Roseburg,ODOT,Incorporated City Limit Boundary,"63650",FIPS,"20210000","2410997",ODOT,7041.110773280000103,"2021",9/20/2021,215076.715468000009423,306711588.656999945640564,Roseburg PD,Roseburg city,23683.000000000000000,275.000000000000000,317.000000000000000,112.000000000000000,31.000000000000000,77.000000000000000,15993.000000000000000,1033.000000000000000,1128.000000000000000,18997.000000000000000,80.000000000000000,10.000000000000000,167.000000000000000,173.000000000000000,10.000000000000000,32.000000000000000,8766.000000000000000,9238.000000000000000,0.014475969889983,0.016686845291362,0.005895667737011,0.059377796494183,0.001631836605780,0.004053271569195,0.841869768910881,0.008659883091578,0.001082485386447,0.018077505953670,0.018726997185538,0.001082485386447,0.003463953236631,0.948906689759688,-0.005816086798404,-0.015604359904915,0.012181838216659,-0.040650799308645,-0.000549351219333,-0.000589318332564,0.107036920848808,-123.3517465416,43.2232571456
Salem,Salem,Salem,ODOT,Incorporated City Limit Boundary,"64900",FIPS,"20210000","2411764",ODOT,31504.418989599998895,"2021",9/20/2021,561417.312106000026688,1372332504.519999980926514,Salem PD MIP,Salem city,175535.000000000000000,1401.000000000000000,4431.000000000000000,2176.000000000000000,1483.000000000000000,610.000000000000000,92068.000000000000000,6385.000000000000000,26531.000000000000000,136568.000000000000000,124.000000000000000,136.000000000000000,925.000000000000000,1920.000000000000000,207.000000000000000,336.000000000000000,9809.000000000000000,13457.000000000000000,0.010258625739558,0.032445375197704,0.015933454396345,0.194269521410579,0.010859059223244,0.004466639329858,0.674154999707106,0.009214535186148,0.010106264397711,0.068737460057962,0.142676673850041,0.015382328899458,0.024968417923757,0.728914319684922,-0.001044090553410,-0.022339110799992,0.052804005661618,-0.051592847560538,0.004523269676213,0.020501778593900,0.054759319977817,-123.0245386864,44.9230827818
Seaside,Seaside,Seaside,ODOT,Incorporated City Limit Boundary,"65950",FIPS,"20210000","2411854",ODOT,2614.179613799999970,"2021",9/20/2021,145597.895627999998396,113873663.976999998092651,Seaside PD,Seaside city,7115.000000000000000,43.000000000000000,102.000000000000000,79.000000000000000,9.000000000000000,25.000000000000000,4575.000000000000000,277.000000000000000,680.000000000000000,5799.000000000000000,6.000000000000000,3.000000000000000,70.000000000000000,89.000000000000000,3.000000000000000,161.000000000000000,1501.000000000000000,1833.000000000000000,0.007415071564063,0.017589239524056,0.013623038454906,0.117261596827039,0.001551991722711,0.004311088118641,0.788929125711330,0.003273322422259,0.001636661211129,0.038188761593017,0.048554282596836,0.001636661211129,0.087834151663939,0.818876159301691,-0.004141749141804,-0.015952578312927,0.024565723138111,-0.068707314230203,0.000084669488418,0.083523063545298,0.029947033590362,-123.9206297684,45.9890283804
Sherwood,Sherwood,Sherwood,ODOT,Incorporated City Limit Boundary,"67100",FIPS,"20210000","2411889",ODOT,3132.458917039999960,"2021",9/20/2021,88299.302843800003757,136450121.154000014066696,Sherwood PD,Sherwood city,20450.000000000000000,71.000000000000000,718.000000000000000,89.000000000000000,54.000000000000000,42.000000000000000,11527.000000000000000,715.000000000000000,1278.000000000000000,14548.000000000000000,7.000000000000000,17.000000000000000,39.000000000000000,51.000000000000000,4.000000000000000,67.000000000000000,534.000000000000000,719.000000000000000,0.004880395930712,0.049353863073962,0.006117679406104,0.087847126752818,0.003711850426175,0.002886994775914,0.792342590046742,0.009735744089013,0.023643949930459,0.054242002781641,0.070931849791377,0.005563282336579,0.093184979137691,0.742698191933241,0.004855348158300,-0.025709913143503,0.048124323375537,-0.016915276961441,0.001851431910403,0.090297984361777,-0.049644398113501,-122.8424683611,45.3594418654
Springfield,Springfield,Springfield,ODOT,Incorporated City Limit Boundary,"69600",FIPS,"20210000","2411961",ODOT,10212.770539399998597,"2021",9/20/2021,418995.090293999994174,444868284.694999992847443,Springfield PD,Springfield city,61851.000000000000000,530.000000000000000,748.000000000000000,509.000000000000000,186.000000000000000,241.000000000000000,37527.000000000000000,2899.000000000000000,5755.000000000000000,48581.000000000000000,33.000000000000000,75.000000000000000,792.000000000000000,420.000000000000000,2.000000000000000,35.000000000000000,12542.000000000000000,13899.000000000000000,0.010909614870011,0.015396965892015,0.010477347111010,0.118461950145118,0.003828657294004,0.004960787139005,0.772462485333772,0.002374271530326,0.005396071659832,0.056982516727822,0.030218001295057,0.000143895244262,0.002518166774588,0.902367076768113,-0.008535343339685,-0.010000894232184,0.046505169616812,-0.088243948850061,-0.003684762049742,-0.002442620364417,0.129904591434340,-122.9804987815,44.0536315149
Stanfield,Stanfield,Stanfield,ODOT,Incorporated City Limit Boundary,"69900",FIPS,"20210000","2411967",ODOT,1183.171136700000034,"2021",9/20/2021,95051.339298100006999,51539017.812199994921684,Stanfield PD,Stanfield city,2144.000000000000000,13.000000000000000,7.000000000000000,6.000000000000000,4.000000000000000,4.000000000000000,956.000000000000000,74.000000000000000,510.000000000000000,1578.000000000000000,12.000000000000000,1.000000000000000,5.000000000000000,100.000000000000000,1.000000000000000,2.000000000000000,320.000000000000000,441.000000000000000,0.008238276299113,0.004435994930292,0.003802281368821,0.323193916349810,0.002534854245881,0.002534854245881,0.605830164765526,0.027210884353741,0.002267573696145,0.011337868480726,0.226757369614512,0.002267573696145,0.004535147392290,0.725623582766440,0.018972608054629,-0.002168421234146,0.007535587111904,-0.096436546735297,-0.000267280549736,0.002000293146409,0.119793418000914,-119.2181903057,45.7832057507
Stayton,Stayton,Stayton,ODOT,Incorporated City Limit Boundary,"70200",FIPS,"20210000","2411975",ODOT,1980.260676869999770,"2021",9/20/2021,86050.412116099993000,86260155.084499999880791,Stayton PD,Stayton city,8244.000000000000000,74.000000000000000,62.000000000000000,29.000000000000000,9.000000000000000,27.000000000000000,4752.000000000000000,355.000000000000000,902.000000000000000,6219.000000000000000,1.000000000000000,1.000000000000000,6.000000000000000,34.000000000000000,1.000000000000000,19.000000000000000,387.000000000000000,449.000000000000000,0.011899019134909,0.009969448464383,0.004663129120437,0.145039395401190,0.001447178002894,0.004341534008683,0.764109985528220,0.002227171492205,0.002227171492205,0.013363028953229,0.075723830734967,0.002227171492205,0.042316258351893,0.861915367483296,-0.009671847642704,-0.007742276972178,0.008699899832792,-0.069315564666223,0.000779993489311,0.037974724343210,0.097805381955076,-122.7983676445,44.8034090339
Sweet Home,Sweet Home,Sweet Home,ODOT,Incorporated City Limit Boundary,"71950",FIPS,"20210000","2412022",ODOT,3711.348688609999954,"2021",9/20/2021,91607.003114100021776,161666348.875999987125397,Sweet Home PD,Sweet Home city,9828.000000000000000,91.000000000000000,45.000000000000000,26.000000000000000,10.000000000000000,41.000000000000000,6511.000000000000000,502.000000000000000,350.000000000000000,7586.000000000000000,2.000000000000000,1.000000000000000,16.000000000000000,17.000000000000000,1.000000000000000,19.000000000000000,1314.000000000000000,1370.000000000000000,0.011995781703137,0.005931979963090,0.003427366200896,0.046137621935144,0.001318217769576,0.005404692855260,0.858291589770630,0.001459854014599,0.000729927007299,0.011678832116788,0.012408759124088,0.000729927007299,0.013868613138686,0.959124087591241,-0.010535927688539,-0.005202052955791,0.008251465915892,-0.033728862811056,-0.000588290762276,0.008463920283426,0.100832497820611,-122.7025466360,44.4023942650
Talent,Talent,Talent,ODOT,Incorporated City Limit Boundary,"72500",FIPS,"20210000","2412031",ODOT,836.559946349000029,"2021",9/20/2021,49176.026924099998723,36440551.262900002300739,Talent PD,Talent city,6282.000000000000000,32.000000000000000,79.000000000000000,15.000000000000000,7.000000000000000,52.000000000000000,4039.000000000000000,246.000000000000000,699.000000000000000,5176.000000000000000,2.000000000000000,1.000000000000000,10.000000000000000,17.000000000000000,1.000000000000000,2.000000000000000,325.000000000000000,358.000000000000000,0.006182380216383,0.015262751159196,0.002897990726430,0.135046367851623,0.001352395672334,0.010046367851623,0.780332302936631,0.005586592178771,0.002793296089385,0.027932960893855,0.047486033519553,0.002793296089385,0.005586592178771,0.907821229050279,-0.000595788037612,-0.012469455069811,0.025034970167425,-0.087560334332070,0.001440900417052,-0.004459775672852,0.127488926113649,-122.7807266434,42.2403880763
The Dalles,The Dalles,The Dalles,ODOT,Incorporated City Limit Boundary,"72950",FIPS,"20210000","2412059",ODOT,4441.472636579999744,"2021",9/20/2021,134161.309278000000631,193470548.048999994993210,The Dalles PD,The Dalles city,16010.000000000000000,131.000000000000000,167.000000000000000,64.000000000000000,113.000000000000000,49.000000000000000,9120.000000000000000,519.000000000000000,2301.000000000000000,12577.000000000000000,186.000000000000000,19.000000000000000,46.000000000000000,468.000000000000000,29.000000000000000,64.000000000000000,2565.000000000000000,3377.000000000000000,0.010415838435239,0.013278206249503,0.005088653892025,0.182953009461716,0.008984654528107,0.003896000636082,0.725133179613580,0.055078472016583,0.005626295528576,0.013621557595499,0.138584542493337,0.008587503701510,0.018951732306781,0.759549896357714,0.044662633581344,-0.007651910720927,0.008532903703474,-0.044368466968379,-0.000397150826597,0.015055731670699,0.034416716744134,-121.1818640302,45.6053103409
Tigard,Tigard,Tigard,ODOT,Incorporated City Limit Boundary,"73650",FIPS,"20210000","2412069",ODOT,8150.936031459999867,"2021",9/20/2021,195809.870610000012675,355054773.530999958515167,Tigard PD,Tigard city,54539.000000000000000,142.000000000000000,3968.000000000000000,757.000000000000000,374.000000000000000,222.000000000000000,30355.000000000000000,2219.000000000000000,5060.000000000000000,43471.000000000000000,29.000000000000000,66.000000000000000,274.000000000000000,153.000000000000000,34.000000000000000,131.000000000000000,1688.000000000000000,2375.000000000000000,0.003266545513101,0.091279243633687,0.017413908122656,0.116399438706264,0.008603436773941,0.005106852844425,0.698281613029376,0.012210526315789,0.027789473684211,0.115368421052632,0.064421052631579,0.014315789473684,0.055157894736842,0.710736842105263,0.008943980802689,-0.063489769949476,0.097954512929975,-0.051978386074685,0.005712352699743,0.050051041892417,0.012455229075887,-122.7845175662,45.4237618928
Tualatin,Tualatin,Tualatin,ODOT,Incorporated City Limit Boundary,"74950",FIPS,"20210000","2412103",ODOT,5322.867398659999708,"2021",9/20/2021,147567.840334000007715,231864136.495999991893768,Tualatin PD,Tualatin city,27942.000000000000000,72.000000000000000,955.000000000000000,249.000000000000000,225.000000000000000,97.000000000000000,15395.000000000000000,1096.000000000000000,3403.000000000000000,21717.000000000000000,12.000000000000000,29.000000000000000,108.000000000000000,216.000000000000000,65.000000000000000,74.000000000000000,939.000000000000000,1443.000000000000000,0.003315375051803,0.043974766312106,0.011465672054151,0.156697518073399,0.010360547036884,0.004466546944790,0.708891651701432,0.008316008316008,0.020097020097020,0.074844074844075,0.149688149688150,0.045045045045045,0.051282051282051,0.650727650727651,0.005000633264206,-0.023877746215086,0.063378402789924,-0.007009368385249,0.034684498008161,0.046815504337261,-0.058164000973781,-122.7748304010,45.3768888019
Umatilla,Umatilla,Umatilla,ODOT,Incorporated City Limit Boundary,"75650",FIPS,"20210000","2412127",ODOT,3362.257547570000042,"2021",9/20/2021,191928.219012999994447,146459938.772000014781952,Umatilla PD,Umatilla city,7363.000000000000000,103.000000000000000,35.000000000000000,185.000000000000000,2.000000000000000,21.000000000000000,2897.000000000000000,92.000000000000000,2267.000000000000000,5604.000000000000000,14.000000000000000,1.000000000000000,29.000000000000000,282.000000000000000,3.000000000000000,7.000000000000000,591.000000000000000,927.000000000000000,0.018379728765168,0.006245538900785,0.033012134189864,0.404532476802284,0.000356887937188,0.003747323340471,0.516952177016417,0.015102481121899,0.001078748651564,0.031283710895361,0.304207119741100,0.003236245954693,0.007551240560949,0.637540453074434,-0.003277247643269,-0.005166790249221,-0.001728423294503,-0.100325357061184,0.002879358017505,0.003803917220478,0.120588276058017,-119.3129525588,45.9123694909
Warrenton,Warrenton,Warrenton,ODOT,Incorporated City Limit Boundary,"78900",FIPS,"20210000","2412184",ODOT,11363.643695200000366,"2021",9/20/2021,123865.328070000003208,495000319.361999988555908,Warrenton PD,Warrenton city,6277.000000000000000,42.000000000000000,96.000000000000000,31.000000000000000,20.000000000000000,27.000000000000000,4004.000000000000000,283.000000000000000,339.000000000000000,4862.000000000000000,12.000000000000000,4.000000000000000,21.000000000000000,62.000000000000000,2.000000000000000,152.000000000000000,1609.000000000000000,1862.000000000000000,0.008638420403126,0.019744960921432,0.006375976964212,0.069724393253805,0.004113533525298,0.005553270259153,0.823529411764706,0.006444683136412,0.002148227712137,0.011278195488722,0.033297529538131,0.001074113856069,0.081632653061224,0.864124597207304,-0.002193737266714,-0.017596733209294,0.004902218524510,-0.036426863715674,-0.003039419669229,0.076079382802072,0.040595185442598,-123.9237746309,46.1716709984
West Linn,West Linn,West Linn,ODOT,Incorporated City Limit Boundary,"80150",FIPS,"20210000","2412224",ODOT,5205.308032189999722,"2021",9/20/2021,97787.897580000004382,226743217.881999999284744,West Linn PD,West Linn city,27373.000000000000000,61.000000000000000,1080.000000000000000,175.000000000000000,23.000000000000000,105.000000000000000,17259.000000000000000,1023.000000000000000,950.000000000000000,20699.000000000000000,6.000000000000000,9.000000000000000,30.000000000000000,31.000000000000000,6.000000000000000,23.000000000000000,418.000000000000000,523.000000000000000,0.002947002270641,0.052176433644137,0.008454514710856,0.045895937001788,0.001111164790570,0.005072708826513,0.833808396540896,0.011472275334608,0.017208413001912,0.057361376673040,0.059273422562141,0.011472275334608,0.043977055449331,0.799235181644359,0.008525273063967,-0.034968020642225,0.048906861962185,0.013377485560354,0.010361110544038,0.038904346622817,-0.034573214896536,-122.6400388560,45.3669067075
Winston,Winston,Winston,ODOT,Incorporated City Limit Boundary,"83400",FIPS,"20210000","2412287",ODOT,1737.699983120000070,"2021",9/20/2021,94532.307558400003472,75694211.264500021934509,Winston PD,Winston city,5625.000000000000000,66.000000000000000,49.000000000000000,13.000000000000000,1.000000000000000,29.000000000000000,3748.000000000000000,255.000000000000000,207.000000000000000,4369.000000000000000,19.000000000000000,8.000000000000000,26.000000000000000,23.000000000000000,1.000000000000000,6.000000000000000,1634.000000000000000,1717.000000000000000,0.015106431677729,0.011215381094072,0.002975509269856,0.047379262989242,0.000228885328450,0.006637674525063,0.857862211032273,0.011065812463599,0.004659289458358,0.015142690739662,0.013395457192778,0.000582411182295,0.003494467093768,0.951659871869540,-0.004040619214130,-0.006556091635714,0.012167181469806,-0.033983805796464,0.000353525853844,-0.003143207431295,0.093797660837267,-123.4242579915,43.1202665635
Woodburn,Woodburn,Woodburn,ODOT,Incorporated City Limit Boundary,"83750",FIPS,"20210000","2412296",ODOT,3854.545975200000157,"2021",9/20/2021,119361.079284999999800,167904023.137999981641769,Woodburn PD,Woodburn city,26013.000000000000000,65.000000000000000,211.000000000000000,70.000000000000000,30.000000000000000,52.000000000000000,7676.000000000000000,452.000000000000000,10335.000000000000000,18921.000000000000000,3.000000000000000,17.000000000000000,47.000000000000000,2357.000000000000000,4.000000000000000,24.000000000000000,881.000000000000000,3333.000000000000000,0.003435336398710,0.011151630463506,0.003699593044765,0.546218487394958,0.001585539876328,0.002748269118968,0.405686803023096,0.000900090009001,0.005100510051005,0.014101410141014,0.707170717071707,0.001200120012001,0.007200720072007,0.264326432643264,-0.002535246389710,-0.006051120412501,0.010401817096249,0.160952229676749,-0.000385419864327,0.004452450953039,-0.141360370379832,-122.8608820642,45.1470781349
